ID,Nome,Idade,Cidade,Email
1,Sabrina Castro,55,da Luz da Mata,pazevedo@da.net
2,Olivia Nunes,25,Lopes do Norte,rferreira@ig.com.br
3,Noah Lima,18,Santos dos Dourados,camposluiz-henrique@sales.com
4,Nicole Caldeira,26,da Costa de das Neves,da-motajoao-lucas@yahoo.com.br
5,Eloah da Paz,28,Ferreira de Ribeiro,da-rosavalentina@gmail.com
6,Sra. Agatha Lopes,35,da Cruz Grande,leticiacavalcanti@aragao.com
7,João Lucas Silveira,31,das Neves de Silveira,brunoalmeida@goncalves.com
8,Nina Costa,30,Costela,nascimentogabriela@bol.com.br
9,Sophia Pires,25,Alves de Nunes,ana-vitoria77@uol.com.br
10,João Gabriel Porto,26,Lopes,lbarros@moreira.org
11,Vinicius Cunha,47,Silveira do Campo,anthony05@gmail.com
12,Isabel Freitas,53,Cardoso,raulazevedo@uol.com.br
13,Carlos Eduardo Melo,43,Correia,vmoraes@aragao.net
14,Srta. Laura Vieira,20,Campos de Farias,alexiajesus@yahoo.com.br
15,Elisa da Rocha,47,Caldeira,tnogueira@novaes.com
16,Vitor Hugo Alves,51,Novaes,nporto@yahoo.com.br
17,Melissa Ramos,18,Santos,rmoraes@yahoo.com.br
18,Lucas Sales,44,Ferreira Verde,pietra39@freitas.com
19,Ana Sophia Rocha,19,da Rocha da Serra,alanada-cunha@ig.com.br
20,Catarina Melo,25,Martins de Jesus,paulomoura@da.com
21,Benício da Cruz,37,Porto,pedro-lucas51@yahoo.com.br
22,Lorena Moreira,45,Fogaça,da-rosaerick@bol.com.br
23,Dr. Miguel Fogaça,36,Ribeiro de Dias,gustavocavalcanti@hotmail.com
24,Pedro Gonçalves,25,das Neves,calebe73@bol.com.br
25,Ryan da Cruz,20,Costela,mariana59@uol.com.br
26,Thiago Moreira,39,Vieira do Amparo,xduarte@moreira.br
27,Rafael da Mata,64,Cunha,peixotodaniela@uol.com.br
28,Samuel Santos,42,da Rocha,gustavo-henriqueteixeira@uol.com.br
29,Vitor Hugo Alves,28,Pinto Alegre,enricosilva@bol.com.br
30,Maria Cecília Barbosa,33,Moura do Campo,vinicius29@das.br
